Date,Time,Tags,Sum_Weights
2022-05-04 00:00:00,2022-05-04 19:00:00,$FB,0.5
2022-05-04 00:00:00,2022-05-04 19:00:00,$FB,0.5
2022-05-04 00:00:00,2022-05-04 19:00:00,$FB,0.5
2022-05-04 00:00:00,2022-05-04 13:00:00,$AAPL,0.7644
2022-05-04 00:00:00,2022-05-04 07:00:00,$NFLX,-0.3612000000000001
2022-05-03 00:00:00,2022-05-03 16:00:00,$AAPL,0.5
2022-04-29 00:00:00,2022-04-29 20:00:00,$AMZN,0.5
2022-04-29 00:00:00,2022-04-29 20:00:00,$AMZN,0.5
2022-04-29 00:00:00,2022-04-29 17:00:00,$FB,0.5
2022-04-29 00:00:00,2022-04-29 17:00:00,$FB,0.2732
2022-04-29 00:00:00,2022-04-29 12:00:00,$FB,0.5
2022-04-29 00:00:00,2022-04-29 12:00:00,$FB,0.5
2022-04-29 00:00:00,2022-04-29 06:00:00,$AMZN,-0.5904
2022-04-28 00:00:00,2022-04-28 17:00:00,$AAPL,-0.2023
2022-04-28 00:00:00,2022-04-28 15:00:00,$AMZN,0.5
2022-04-28 00:00:00,2022-04-28 15:00:00,$AMZN,0.5
2022-04-28 00:00:00,2022-04-28 15:00:00,$AMZN,0.5
2022-04-28 00:00:00,2022-04-28 14:00:00,$AMZN,-0.025799999999999997
2022-04-28 00:00:00,2022-04-28 09:00:00,$AMZN,0.5
2022-04-28 00:00:00,2022-04-28 08:00:00,$AAPL,0.6369
2022-04-28 00:00:00,2022-04-28 06:00:00,$FB,-0.0387
2022-04-28 00:00:00,2022-04-28 03:00:00,$FB,0.5
2022-04-28 00:00:00,2022-04-28 01:00:00,$AMZN,0.31820000000000004
2022-04-27 00:00:00,2022-04-27 17:00:00,$FB,0.5
2022-04-27 00:00:00,2022-04-27 14:00:00,$FB,0.5
2022-04-27 00:00:00,2022-04-27 14:00:00,$FB,0.5
2022-04-27 00:00:00,2022-04-27 13:00:00,$FB,0.5
2022-04-27 00:00:00,2022-04-27 13:00:00,$FB,-0.7585
2022-04-27 00:00:00,2022-04-27 11:00:00,$FB,-0.0772
2022-04-27 00:00:00,2022-04-27 10:00:00,$FB,-0.6027
2022-04-27 00:00:00,2022-04-27 10:00:00,$FB,0.5
2022-04-27 00:00:00,2022-04-27 10:00:00,$FB,0.5
2022-04-27 00:00:00,2022-04-27 09:00:00,$NFLX,-0.10270000000000001
2022-04-27 00:00:00,2022-04-27 07:00:00,$FB,0.5
2022-04-26 00:00:00,2022-04-26 14:00:00,$AAPL,-0.3527
2022-04-26 00:00:00,2022-04-26 12:00:00,$AAPL,0.5
2022-04-25 00:00:00,2022-04-25 19:00:00,$FB,0.34
2022-04-25 00:00:00,2022-04-25 19:00:00,$GOOG,0.34
2022-04-25 00:00:00,2022-04-25 14:00:00,$AAPL,-0.5994
2022-04-25 00:00:00,2022-04-25 07:00:00,$NFLX,0.4215
2022-04-24 00:00:00,2022-04-24 09:00:00,$AMZN,0.2714
2022-04-24 00:00:00,2022-04-24 09:00:00,$AMZN,0.2714
2022-04-24 00:00:00,2022-04-24 09:00:00,$AMZN,0.2714
2022-04-23 00:00:00,2022-04-23 23:00:00,$NFLX,0.5
2022-04-21 00:00:00,2022-04-21 12:00:00,$NFLX,-0.22630000000000003
2022-04-21 00:00:00,2022-04-21 09:00:00,$NFLX,0.5
2022-04-21 00:00:00,2022-04-21 00:00:00,$NFLX,0.1097096
2022-04-20 00:00:00,2022-04-20 23:00:00,$NFLX,0.5
2022-04-20 00:00:00,2022-04-20 20:00:00,$NFLX,-0.6562
2022-04-20 00:00:00,2022-04-20 20:00:00,$NFLX,-0.6562
2022-04-20 00:00:00,2022-04-20 17:00:00,$NFLX,0.5
2022-04-20 00:00:00,2022-04-20 17:00:00,$AMZN,0.5
2022-04-20 00:00:00,2022-04-20 16:00:00,$FB,0.5859
2022-04-20 00:00:00,2022-04-20 16:00:00,$NFLX,0.2732
2022-04-20 00:00:00,2022-04-20 16:00:00,$FB,0.5859
2022-04-20 00:00:00,2022-04-20 14:00:00,$NFLX,0.296
2022-04-20 00:00:00,2022-04-20 14:00:00,$NFLX,0.296
2022-04-20 00:00:00,2022-04-20 12:00:00,$NFLX,0.5
2022-04-20 00:00:00,2022-04-20 07:00:00,$NFLX,0.5
2022-04-20 00:00:00,2022-04-20 06:00:00,$NFLX,0.3818
2022-04-20 00:00:00,2022-04-20 06:00:00,$NFLX,0.44039999999999996
2022-04-20 00:00:00,2022-04-20 02:00:00,$NFLX,0.6841
2022-04-19 00:00:00,2022-04-19 23:00:00,$NFLX,0.5
2022-04-19 00:00:00,2022-04-19 23:00:00,$NFLX,0.5
2022-04-19 00:00:00,2022-04-19 22:00:00,$NFLX,0.5
2022-04-19 00:00:00,2022-04-19 19:00:00,$NFLX,0.5
2022-04-19 00:00:00,2022-04-19 18:00:00,$NFLX,0.5
2022-04-19 00:00:00,2022-04-19 18:00:00,$NFLX,0.4019
2022-04-19 00:00:00,2022-04-19 17:00:00,$NFLX,0.5
2022-04-19 00:00:00,2022-04-19 15:00:00,$NFLX,0.5
2022-04-19 00:00:00,2022-04-19 15:00:00,$NFLX,0.6249
2022-04-19 00:00:00,2022-04-19 14:00:00,$NFLX,0.5
2022-04-19 00:00:00,2022-04-19 14:00:00,$NFLX,0.5
2022-04-19 00:00:00,2022-04-19 14:00:00,$NFLX,0.6997
2022-04-19 00:00:00,2022-04-19 14:00:00,$NFLX,0.5
2022-04-19 00:00:00,2022-04-19 13:00:00,$NFLX,0.5
2022-04-19 00:00:00,2022-04-19 13:00:00,$NFLX,0.5
2022-04-15 00:00:00,2022-04-15 05:00:00,$FB,0.5
2022-04-12 00:00:00,2022-04-12 20:00:00,$NFLX,0.5
2022-04-08 00:00:00,2022-04-08 13:00:00,$AAPL,0.1779
2022-04-08 00:00:00,2022-04-08 10:00:00,$AMZN,-0.3382
2022-04-06 00:00:00,2022-04-06 12:00:00,$FB,0.5
2022-04-06 00:00:00,2022-04-06 11:00:00,$FB,0.5
2022-04-05 00:00:00,2022-04-05 14:00:00,$FB,0.5
2022-04-03 00:00:00,2022-04-03 11:00:00,$AMZN,-0.1197
2022-04-03 00:00:00,2022-04-03 11:00:00,$AMZN,-0.7536
2022-04-03 00:00:00,2022-04-03 11:00:00,$GOOG,-0.7536
2022-03-31 00:00:00,2022-03-31 16:00:00,$AAPL,0.5255
2022-03-30 00:00:00,2022-03-30 11:00:00,$AAPL,0.44039999999999996
2022-03-30 00:00:00,2022-03-30 10:00:00,$AAPL,0.5
2022-03-27 00:00:00,2022-03-27 08:00:00,$FB,0.5
2022-03-27 00:00:00,2022-03-27 08:00:00,$GOOG,0.5
2022-03-26 00:00:00,2022-03-26 13:00:00,$AAPL,0.5859
2022-03-26 00:00:00,2022-03-26 13:00:00,$AAPL,0.5859000000000001
2022-03-26 00:00:00,2022-03-26 13:00:00,$AAPL,0.5859000000000001
2022-03-26 00:00:00,2022-03-26 13:00:00,$AAPL,0.5859000000000001
2022-03-23 00:00:00,2022-03-23 01:00:00,$FB,0.5
2022-03-23 00:00:00,2022-03-23 01:00:00,$FB,0.5
2022-03-19 00:00:00,2022-03-19 14:00:00,$FB,0.2263
2022-03-16 00:00:00,2022-03-16 04:00:00,$FB,0.4404
2022-03-14 00:00:00,2022-03-14 20:00:00,$FB,-0.3182
2022-03-10 00:00:00,2022-03-10 07:00:00,$AMZN,0.296
2022-03-10 00:00:00,2022-03-10 05:00:00,$AMZN,0.5
2022-03-09 00:00:00,2022-03-09 15:00:00,$AMZN,0.2144
2022-03-09 00:00:00,2022-03-09 15:00:00,$AMZN,0.2144
2022-03-07 00:00:00,2022-03-07 22:00:00,$FB,0.5
2022-03-06 00:00:00,2022-03-06 15:00:00,$FB,-0.2263
2022-03-06 00:00:00,2022-03-06 15:00:00,$FB,-0.2263
2022-02-25 00:00:00,2022-02-25 18:00:00,$FB,0.4995
2022-02-25 00:00:00,2022-02-25 18:00:00,$AMZN,0.4995
2022-02-22 00:00:00,2022-02-22 06:00:00,$FB,0.5423
2022-02-20 00:00:00,2022-02-20 04:00:00,$NFLX,-0.5423
2022-02-17 00:00:00,2022-02-17 20:00:00,$FB,0.5
2022-02-16 00:00:00,2022-02-16 10:00:00,$FB,0.5
2022-02-15 00:00:00,2022-02-15 12:00:00,$FB,0.5
2022-02-12 00:00:00,2022-02-12 19:00:00,$FB,0.5
2022-02-12 00:00:00,2022-02-12 19:00:00,$FB,0.5
2022-02-12 00:00:00,2022-02-12 12:00:00,$AAPL,0.4404
2022-02-12 00:00:00,2022-02-12 12:00:00,$AAPL,0.4404
2022-02-12 00:00:00,2022-02-12 12:00:00,$AAPL,0.4404
2022-02-12 00:00:00,2022-02-12 07:00:00,$FB,0.5
2022-02-11 00:00:00,2022-02-11 17:00:00,$AAPL,0.8126000000000001
2022-02-11 00:00:00,2022-02-11 10:00:00,$FB,0.5
2022-02-11 00:00:00,2022-02-11 09:00:00,$NFLX,0.6908
2022-02-10 00:00:00,2022-02-10 22:00:00,$FB,0.47669999999999996
2022-02-10 00:00:00,2022-02-10 22:00:00,$FB,0.47669999999999996
2022-02-10 00:00:00,2022-02-10 21:00:00,$FB,0.4767
2022-02-10 00:00:00,2022-02-10 21:00:00,$FB,0.47669999999999996
2022-02-09 00:00:00,2022-02-09 13:00:00,$FB,0.5
2022-02-09 00:00:00,2022-02-09 07:00:00,$FB,0.5
2022-02-09 00:00:00,2022-02-09 07:00:00,$FB,0.5
2022-02-09 00:00:00,2022-02-09 04:00:00,$FB,0.7236
2022-02-08 00:00:00,2022-02-08 19:00:00,$FB,0.5
2022-02-08 00:00:00,2022-02-08 17:00:00,$FB,0.5
2022-02-07 00:00:00,2022-02-07 17:00:00,$AMZN,0.3400000000000001
2022-02-07 00:00:00,2022-02-07 13:00:00,$FB,0.5
2022-02-07 00:00:00,2022-02-07 13:00:00,$FB,0.3612000000000001
2022-02-07 00:00:00,2022-02-07 12:00:00,$FB,0.4215
2022-02-07 00:00:00,2022-02-07 11:00:00,$FB,0.5
2022-02-06 00:00:00,2022-02-06 14:00:00,$FB,0.5
2022-02-06 00:00:00,2022-02-06 14:00:00,$AAPL,0.3612
2022-02-05 00:00:00,2022-02-05 18:00:00,$FB,-0.20229999999999998
2022-02-05 00:00:00,2022-02-05 14:00:00,$FB,-0.4404
2022-02-05 00:00:00,2022-02-05 13:00:00,$FB,-0.5100894000000001
2022-02-05 00:00:00,2022-02-05 13:00:00,$NFLX,0.5
2022-02-05 00:00:00,2022-02-05 13:00:00,$AMZN,0.5
2022-02-05 00:00:00,2022-02-05 13:00:00,$FB,0.5
2022-02-05 00:00:00,2022-02-05 13:00:00,$FB,-0.2732
2022-02-05 00:00:00,2022-02-05 13:00:00,$FB,0.5
2022-02-05 00:00:00,2022-02-05 11:00:00,$FB,0.5
2022-02-05 00:00:00,2022-02-05 11:00:00,$AMZN,0.5
2022-02-05 00:00:00,2022-02-05 09:00:00,$FB,0.5267
2022-02-05 00:00:00,2022-02-05 06:00:00,$AAPL,0.34
2022-02-04 00:00:00,2022-02-04 22:00:00,$AMZN,0.4588
2022-02-04 00:00:00,2022-02-04 20:00:00,$FB,0.5
2022-02-04 00:00:00,2022-02-04 14:00:00,$AMZN,0.5
2022-02-04 00:00:00,2022-02-04 13:00:00,$AMZN,-0.1027
2022-02-04 00:00:00,2022-02-04 08:00:00,$FB,0.0258258
2022-02-04 00:00:00,2022-02-04 00:00:00,$AMZN,0.5
2022-02-03 00:00:00,2022-02-03 20:00:00,$AMZN,-0.5267
2022-02-03 00:00:00,2022-02-03 20:00:00,$AMZN,-0.5267
2022-02-03 00:00:00,2022-02-03 16:00:00,$AMZN,0.5
2022-02-03 00:00:00,2022-02-03 15:00:00,$FB,0.5
2022-02-03 00:00:00,2022-02-03 14:00:00,$FB,0.5
2022-02-03 00:00:00,2022-02-03 14:00:00,$FB,0.6078072
2022-02-03 00:00:00,2022-02-03 14:00:00,$FB,0.5
2022-02-03 00:00:00,2022-02-03 13:00:00,$AMZN,0.5
2022-02-03 00:00:00,2022-02-03 11:00:00,$FB,0.5
2022-02-03 00:00:00,2022-02-03 09:00:00,$AMZN,-0.1531
2022-02-03 00:00:00,2022-02-03 09:00:00,$AMZN,0.5
2022-02-03 00:00:00,2022-02-03 08:00:00,$AMZN,0.5
2022-02-03 00:00:00,2022-02-03 08:00:00,$FB,0.5
2022-02-03 00:00:00,2022-02-03 08:00:00,$FB,0.5
2022-02-03 00:00:00,2022-02-03 07:00:00,$FB,-0.5267
2022-02-03 00:00:00,2022-02-03 07:00:00,$FB,-0.5267
2022-02-03 00:00:00,2022-02-03 06:00:00,$FB,-0.4404
2022-02-01 00:00:00,2022-02-01 08:00:00,$AAPL,-0.7027
2022-01-30 00:00:00,2022-01-30 15:00:00,$FB,0.25
2022-01-30 00:00:00,2022-01-30 15:00:00,$AMZN,0.25
2022-01-29 00:00:00,2022-01-29 06:00:00,$AAPL,0.5
2022-01-28 00:00:00,2022-01-28 19:00:00,$AAPL,0.6597
2022-01-28 00:00:00,2022-01-28 19:00:00,$AAPL,0.6597
2022-01-28 00:00:00,2022-01-28 19:00:00,$AAPL,0.4926
2022-01-28 00:00:00,2022-01-28 05:00:00,$FB,-0.4767
2022-01-28 00:00:00,2022-01-28 05:00:00,$FB,0.5
2022-01-28 00:00:00,2022-01-28 02:00:00,$NFLX,0.5
2022-01-27 00:00:00,2022-01-27 10:00:00,$AAPL,0.5
2022-01-25 00:00:00,2022-01-25 13:00:00,$AAPL,-0.1027
2022-01-24 00:00:00,2022-01-24 13:00:00,$NFLX,0.5
2022-01-24 00:00:00,2022-01-24 11:00:00,$NFLX,0.5
2022-01-23 00:00:00,2022-01-23 14:00:00,$NFLX,0.5
2022-01-23 00:00:00,2022-01-23 14:00:00,$NFLX,0.5
2022-01-23 00:00:00,2022-01-23 14:00:00,$NFLX,0.5
2022-01-23 00:00:00,2022-01-23 14:00:00,$AAPL,0.25
2022-01-23 00:00:00,2022-01-23 05:00:00,$AMZN,0.5
2022-01-22 00:00:00,2022-01-22 09:00:00,$AAPL,-0.5106
2022-01-21 00:00:00,2022-01-21 08:00:00,$AMZN,0.4404
2022-01-21 00:00:00,2022-01-21 06:00:00,$NFLX,0.5
2022-01-21 00:00:00,2022-01-21 06:00:00,$NFLX,0.17790000000000003
2022-01-21 00:00:00,2022-01-21 06:00:00,$NFLX,0.4404
2022-01-21 00:00:00,2022-01-21 05:00:00,$NFLX,0.5
2022-01-20 00:00:00,2022-01-20 22:00:00,$NFLX,0.5093
2022-01-20 00:00:00,2022-01-20 20:00:00,$NFLX,0.4278
2022-01-20 00:00:00,2022-01-20 19:00:00,$NFLX,0.5
2022-01-20 00:00:00,2022-01-20 17:00:00,$NFLX,0.5
2022-01-20 00:00:00,2022-01-20 16:00:00,$NFLX,0.0516
2022-01-20 00:00:00,2022-01-20 16:00:00,$NFLX,-0.27347319999999997
2022-01-20 00:00:00,2022-01-20 15:00:00,$NFLX,0.5
2022-01-20 00:00:00,2022-01-20 15:00:00,$NFLX,0.43100000000000005
2022-01-20 00:00:00,2022-01-20 14:00:00,$NFLX,0.43100000000000005
2022-01-20 00:00:00,2022-01-20 13:00:00,$NFLX,0.6666
2022-01-20 00:00:00,2022-01-20 13:00:00,$AAPL,0.5
2022-01-20 00:00:00,2022-01-20 13:00:00,$NFLX,0.5
2022-01-20 00:00:00,2022-01-20 13:00:00,$NFLX,0.5
2022-01-15 00:00:00,2022-01-15 14:00:00,$GOOG,0.5
2022-01-12 00:00:00,2022-01-12 03:00:00,$FB,0.3612
2022-01-11 00:00:00,2022-01-11 20:00:00,$AMZN,-0.2732
2022-01-11 00:00:00,2022-01-11 01:00:00,$AAPL,0.4588
2022-01-07 00:00:00,2022-01-07 10:00:00,$NFLX,0.39870000000000005
2022-01-04 00:00:00,2022-01-04 12:00:00,$FB,0.5
2022-01-04 00:00:00,2022-01-04 12:00:00,$NFLX,0.5
2022-01-03 00:00:00,2022-01-03 15:00:00,$AMZN,0.743
2022-01-03 00:00:00,2022-01-03 15:00:00,$AAPL,0.743
2022-01-03 00:00:00,2022-01-03 14:00:00,$AAPL,0.2732
2022-01-03 00:00:00,2022-01-03 14:00:00,$AAPL,0.2732
2022-01-01 00:00:00,2022-01-01 13:00:00,$AMZN,0.5
2021-12-27 00:00:00,2021-12-27 09:00:00,$FB,-0.296
2021-12-26 00:00:00,2021-12-26 18:00:00,$FB,-0.4278
2021-12-25 00:00:00,2021-12-25 16:00:00,$FB,-0.4588
2021-12-18 00:00:00,2021-12-18 15:00:00,$AAPL,0.4404
2021-12-18 00:00:00,2021-12-18 15:00:00,$AAPL,0.516
2021-12-15 00:00:00,2021-12-15 17:00:00,$AAPL,0.45880000000000004
2021-12-15 00:00:00,2021-12-15 17:00:00,$AAPL,0.5
2021-12-15 00:00:00,2021-12-15 15:00:00,$AAPL,0.5
2021-12-14 00:00:00,2021-12-14 17:00:00,$AAPL,0.5
2021-12-13 00:00:00,2021-12-13 04:00:00,$AAPL,0.5
2021-12-10 00:00:00,2021-12-10 14:00:00,$FB,0.5
2021-12-10 00:00:00,2021-12-10 14:00:00,$AAPL,0.5
2021-12-10 00:00:00,2021-12-10 14:00:00,$AAPL,0.3612000000000001
2021-12-09 00:00:00,2021-12-09 07:00:00,$AAPL,0.5
2021-12-08 00:00:00,2021-12-08 15:00:00,$AAPL,0.5
2021-12-08 00:00:00,2021-12-08 12:00:00,$AAPL,-0.4939
2021-12-07 00:00:00,2021-12-07 21:00:00,$AAPL,0.5
2021-12-06 00:00:00,2021-12-06 14:00:00,$AAPL,0.5
2021-12-03 00:00:00,2021-12-03 07:00:00,$AAPL,0.5
2021-12-01 00:00:00,2021-12-01 14:00:00,$AAPL,-0.3182
2021-12-01 00:00:00,2021-12-01 08:00:00,$AAPL,0.3400000000000001
2021-12-01 00:00:00,2021-12-01 07:00:00,$AAPL,0.5
2021-11-29 00:00:00,2021-11-29 13:00:00,$AAPL,0.5
2021-11-24 00:00:00,2021-11-24 13:00:00,$FB,0.6662000000000001
2021-11-24 00:00:00,2021-11-24 13:00:00,$AMZN,0.5
2021-11-24 00:00:00,2021-11-24 12:00:00,$AMZN,-0.9081
2021-11-22 00:00:00,2021-11-22 09:00:00,$AMZN,0.5
2021-11-20 00:00:00,2021-11-20 16:00:00,$AAPL,0.4404
2021-11-19 00:00:00,2021-11-19 15:00:00,$FB,0.5
2021-11-19 00:00:00,2021-11-19 06:00:00,$AMZN,0.34
2021-11-16 00:00:00,2021-11-16 19:00:00,$AAPL,0.2732
2021-11-13 00:00:00,2021-11-13 03:00:00,$NFLX,-0.2516
2021-11-12 00:00:00,2021-11-12 16:00:00,$FB,0.44039999999999996
2021-11-12 00:00:00,2021-11-12 15:00:00,$FB,0.5
2021-11-12 00:00:00,2021-11-12 15:00:00,$FB,-0.5255
2021-11-11 00:00:00,2021-11-11 19:00:00,$GOOG,0.6747
2021-11-08 00:00:00,2021-11-08 19:00:00,$AMZN,0.5
2021-11-04 00:00:00,2021-11-04 21:00:00,$AMZN,0.6369
2021-11-04 00:00:00,2021-11-04 13:00:00,$AMZN,0.5
2021-11-04 00:00:00,2021-11-04 08:00:00,$AMZN,0.5
2021-11-03 00:00:00,2021-11-03 13:00:00,$AMZN,0.4404
2021-11-02 00:00:00,2021-11-02 15:00:00,$NFLX,0.5267
2021-11-02 00:00:00,2021-11-02 06:00:00,$AAPL,-0.4767
2021-11-02 00:00:00,2021-11-02 06:00:00,$AAPL,-0.4767
2021-10-31 00:00:00,2021-10-31 21:00:00,$AMZN,0.3919
2021-10-30 00:00:00,2021-10-30 00:00:00,$GOOG,0.5
2021-10-29 00:00:00,2021-10-29 22:00:00,$NFLX,0.4215
2021-10-29 00:00:00,2021-10-29 20:00:00,$FB,0.5994000000000002
2021-10-29 00:00:00,2021-10-29 09:00:00,$FB,0.481
2021-10-29 00:00:00,2021-10-29 05:00:00,$FB,0.5
2021-10-29 00:00:00,2021-10-29 05:00:00,$FB,0.5
2021-10-29 00:00:00,2021-10-29 03:00:00,$FB,0.5
2021-10-28 00:00:00,2021-10-28 15:00:00,$FB,0.4215
2021-10-28 00:00:00,2021-10-28 15:00:00,$AAPL,0.5
2021-10-28 00:00:00,2021-10-28 13:00:00,$AMZN,-0.4018999999999999
2021-10-28 00:00:00,2021-10-28 11:00:00,$FB,0.44039999999999996
2021-10-28 00:00:00,2021-10-28 11:00:00,$FB,0.44039999999999996
2021-10-27 00:00:00,2021-10-27 12:00:00,$FB,0.5
2021-10-24 00:00:00,2021-10-24 15:00:00,$FB,0.5
2021-10-24 00:00:00,2021-10-24 15:00:00,$AAPL,0.5
2021-10-24 00:00:00,2021-10-24 15:00:00,$AMZN,0.5
2021-10-24 00:00:00,2021-10-24 15:00:00,$GOOG,0.5
2021-10-22 00:00:00,2021-10-22 14:00:00,$NFLX,-0.5267
2021-10-22 00:00:00,2021-10-22 14:00:00,$NFLX,-0.5267
2021-10-22 00:00:00,2021-10-22 14:00:00,$NFLX,-0.5267
2021-10-22 00:00:00,2021-10-22 14:00:00,$NFLX,-0.5267
2021-10-22 00:00:00,2021-10-22 14:00:00,$NFLX,-0.5267
2021-10-22 00:00:00,2021-10-22 13:00:00,$NFLX,0.5
2021-10-20 00:00:00,2021-10-20 17:00:00,$NFLX,0.5
2021-10-18 00:00:00,2021-10-18 22:00:00,$AMZN,0.4404
2021-10-17 00:00:00,2021-10-17 16:00:00,$NFLX,0.5
2021-10-17 00:00:00,2021-10-17 15:00:00,$NFLX,0.5
2021-10-15 00:00:00,2021-10-15 20:00:00,$AMZN,0.5267
2021-10-15 00:00:00,2021-10-15 18:00:00,$AMZN,0.5
2021-10-15 00:00:00,2021-10-15 16:00:00,$AMZN,-0.296
2021-10-13 00:00:00,2021-10-13 15:00:00,$AMZN,0.5
2021-10-13 00:00:00,2021-10-13 06:00:00,$AMZN,0.1779
2021-10-12 00:00:00,2021-10-12 08:00:00,$AMZN,0.4003
2021-10-10 00:00:00,2021-10-10 14:00:00,$FB,0.5
2021-10-06 00:00:00,2021-10-06 05:00:00,$NFLX,-0.7247
2021-10-06 00:00:00,2021-10-06 05:00:00,$NFLX,-0.7247
2021-10-06 00:00:00,2021-10-06 05:00:00,$AMZN,-0.34
2021-10-05 00:00:00,2021-10-05 16:00:00,$FB,0.5
2021-10-05 00:00:00,2021-10-05 01:00:00,$FB,0.5
2021-10-04 00:00:00,2021-10-04 15:00:00,$FB,-0.1531
2021-10-04 00:00:00,2021-10-04 15:00:00,$FB,-0.1531
2021-10-04 00:00:00,2021-10-04 15:00:00,$FB,-0.1531
2021-10-04 00:00:00,2021-10-04 15:00:00,$FB,-0.1531
2021-10-04 00:00:00,2021-10-04 14:00:00,$FB,-0.1531
2021-10-04 00:00:00,2021-10-04 14:00:00,$FB,-0.1531
2021-10-04 00:00:00,2021-10-04 12:00:00,$FB,0.5893
2021-10-04 00:00:00,2021-10-04 12:00:00,$FB,0.3818
2021-10-04 00:00:00,2021-10-04 11:00:00,$FB,0.5
2021-10-04 00:00:00,2021-10-04 11:00:00,$AMZN,-0.5983
2021-10-04 00:00:00,2021-10-04 09:00:00,$NFLX,-0.6597
2021-10-04 00:00:00,2021-10-04 09:00:00,$NFLX,-0.6652
2021-10-01 00:00:00,2021-10-01 08:00:00,$GOOG,0.9055
2021-10-01 00:00:00,2021-10-01 08:00:00,$GOOG,-0.7047
2021-10-01 00:00:00,2021-10-01 08:00:00,$AAPL,0.5
2021-09-29 00:00:00,2021-09-29 15:00:00,$GOOG,0.5
2021-09-29 00:00:00,2021-09-29 12:00:00,$NFLX,0.743
2021-09-28 00:00:00,2021-09-28 12:00:00,$AMZN,0.3400000000000001
2021-09-28 00:00:00,2021-09-28 05:00:00,$AAPL,-0.4404
2021-09-26 00:00:00,2021-09-26 18:00:00,$AAPL,0.5
2021-09-25 00:00:00,2021-09-25 19:00:00,$AMZN,0.5
2021-09-23 00:00:00,2021-09-23 11:00:00,$AAPL,0.4215
2021-09-21 00:00:00,2021-09-21 01:00:00,$AAPL,-0.49810000000000004
2021-09-20 00:00:00,2021-09-20 18:00:00,$AAPL,0.5
2021-09-19 00:00:00,2021-09-19 19:00:00,$FB,0.5
2021-09-18 00:00:00,2021-09-18 23:00:00,$AAPL,0.3802
2021-09-18 00:00:00,2021-09-18 23:00:00,$AAPL,0.3802
2021-09-18 00:00:00,2021-09-18 18:00:00,$AMZN,0.5
2021-09-18 00:00:00,2021-09-18 18:00:00,$AMZN,0.5
2021-09-17 00:00:00,2021-09-17 19:00:00,$FB,0.5106
2021-09-17 00:00:00,2021-09-17 13:00:00,$AMZN,0.4404
2021-09-17 00:00:00,2021-09-17 13:00:00,$AMZN,0.5
2021-09-17 00:00:00,2021-09-17 13:00:00,$AMZN,0.4404
2021-09-14 00:00:00,2021-09-14 13:00:00,$AAPL,0.5
2021-09-14 00:00:00,2021-09-14 13:00:00,$AAPL,-0.5204
2021-09-14 00:00:00,2021-09-14 11:00:00,$AAPL,-0.296
2021-09-13 00:00:00,2021-09-13 07:00:00,$AAPL,0.5
2021-09-13 00:00:00,2021-09-13 06:00:00,$AAPL,0.5
2021-09-12 00:00:00,2021-09-12 19:00:00,$AAPL,0.7096
2021-09-12 00:00:00,2021-09-12 08:00:00,$AMZN,0.1779
2021-09-10 00:00:00,2021-09-10 23:00:00,$AAPL,0.34
2021-09-10 00:00:00,2021-09-10 15:00:00,$AAPL,0.5
2021-09-09 00:00:00,2021-09-09 20:00:00,$NFLX,-0.3182
2021-09-01 00:00:00,2021-09-01 15:00:00,$AMZN,0.4278
2021-09-01 00:00:00,2021-09-01 15:00:00,$AMZN,0.4278
2021-08-31 00:00:00,2021-08-31 01:00:00,$AMZN,0.4005
2021-08-31 00:00:00,2021-08-31 00:00:00,$AMZN,0.4005
2021-08-30 00:00:00,2021-08-30 23:00:00,$AMZN,0.5
2021-08-30 00:00:00,2021-08-30 06:00:00,$AAPL,0.5
2021-08-30 00:00:00,2021-08-30 06:00:00,$AAPL,0.5
2021-08-29 00:00:00,2021-08-29 20:00:00,$AMZN,0.0547
2021-08-28 00:00:00,2021-08-28 08:00:00,$AAPL,0.5766
2021-08-25 00:00:00,2021-08-25 14:00:00,$AMZN,-0.3181999999999999
2021-08-25 00:00:00,2021-08-25 07:00:00,$AMZN,0.5
2021-08-24 00:00:00,2021-08-24 15:00:00,$AMZN,0.5
2021-08-24 00:00:00,2021-08-24 10:00:00,$AMZN,0.5
2021-08-21 00:00:00,2021-08-21 22:00:00,$AAPL,-0.4102
2021-08-20 00:00:00,2021-08-20 00:00:00,$AAPL,0.5
2021-08-18 00:00:00,2021-08-18 15:00:00,$AAPL,0.7352345
2021-08-18 00:00:00,2021-08-18 15:00:00,$AAPL,0.35949999999999993
2021-08-15 00:00:00,2021-08-15 13:00:00,$AMZN,-0.22630000000000003
2021-08-14 00:00:00,2021-08-14 21:00:00,$AMZN,0.5
2021-08-13 00:00:00,2021-08-13 03:00:00,$AAPL,0.4588
2021-08-11 00:00:00,2021-08-11 02:00:00,$AAPL,0.5
2021-08-10 00:00:00,2021-08-10 15:00:00,$GOOG,0.4404
2021-08-08 00:00:00,2021-08-08 08:00:00,$NFLX,-0.126
2021-08-06 00:00:00,2021-08-06 05:00:00,$NFLX,0.3612
2021-08-04 00:00:00,2021-08-04 06:00:00,$AAPL,0.1179
2021-08-04 00:00:00,2021-08-04 05:00:00,$AAPL,-0.4318
2021-08-04 00:00:00,2021-08-04 05:00:00,$AAPL,0.5
2021-08-03 00:00:00,2021-08-03 18:00:00,$AMZN,0.4278
2021-07-31 00:00:00,2021-07-31 14:00:00,$AMZN,0.1779
2021-07-30 00:00:00,2021-07-30 08:00:00,$AMZN,0.481
2021-07-28 00:00:00,2021-07-28 23:00:00,$FB,0.5261733
2021-07-28 00:00:00,2021-07-28 14:00:00,$FB,0.5574
2021-07-28 00:00:00,2021-07-28 06:00:00,$AMZN,0.4019
2021-07-28 00:00:00,2021-07-28 06:00:00,$AAPL,-0.5859
2021-07-27 00:00:00,2021-07-27 13:00:00,$GOOG,0.5
2021-07-27 00:00:00,2021-07-27 13:00:00,$GOOG,0.5
2021-07-27 00:00:00,2021-07-27 13:00:00,$GOOG,0.5
2021-07-25 00:00:00,2021-07-25 14:00:00,$FB,0.5
2021-07-25 00:00:00,2021-07-25 14:00:00,$AAPL,0.5
2021-07-25 00:00:00,2021-07-25 14:00:00,$AMZN,0.5
2021-07-25 00:00:00,2021-07-25 14:00:00,$GOOG,0.5
2021-07-25 00:00:00,2021-07-25 08:00:00,$AAPL,0.4278
2021-07-22 00:00:00,2021-07-22 20:00:00,$FB,0.5
2021-07-22 00:00:00,2021-07-22 20:00:00,$AMZN,0.5
2021-07-20 00:00:00,2021-07-20 19:00:00,$AMZN,0.5
2021-07-19 00:00:00,2021-07-19 13:00:00,$AMZN,0.5
2021-07-19 00:00:00,2021-07-19 12:00:00,$AMZN,-0.4215
2021-07-18 00:00:00,2021-07-18 12:00:00,$NFLX,0.5
2021-07-16 00:00:00,2021-07-16 20:00:00,$AAPL,0.5
2021-07-15 00:00:00,2021-07-15 22:00:00,$NFLX,0.5
2021-07-15 00:00:00,2021-07-15 14:00:00,$AMZN,0.7848000000000002
2021-07-15 00:00:00,2021-07-15 13:00:00,$FB,0.5
2021-07-15 00:00:00,2021-07-15 13:00:00,$NFLX,0.5859
2021-07-15 00:00:00,2021-07-15 10:00:00,$NFLX,0.5
2021-07-15 00:00:00,2021-07-15 09:00:00,$AAPL,0.03869999999999999
2021-07-15 00:00:00,2021-07-15 09:00:00,$AAPL,0.1477
2021-07-14 00:00:00,2021-07-14 15:00:00,$AMZN,-0.4588
2021-07-13 00:00:00,2021-07-13 12:00:00,$NFLX,0.5
2021-07-13 00:00:00,2021-07-13 11:00:00,$NFLX,0.5
2021-07-13 00:00:00,2021-07-13 10:00:00,$FB,0.4574
2021-07-13 00:00:00,2021-07-13 07:00:00,$AMZN,0.5
2021-07-08 00:00:00,2021-07-08 21:00:00,$AAPL,0.5859
2021-07-08 00:00:00,2021-07-08 14:00:00,$AAPL,0.5
2021-07-08 00:00:00,2021-07-08 13:00:00,$AMZN,0.5
2021-07-08 00:00:00,2021-07-08 12:00:00,$AAPL,0.2732
2021-07-08 00:00:00,2021-07-08 11:00:00,$AMZN,0.4404
2021-07-08 00:00:00,2021-07-08 10:00:00,$AMZN,0.5
2021-07-08 00:00:00,2021-07-08 07:00:00,$AMZN,-0.5267
2021-07-08 00:00:00,2021-07-08 05:00:00,$AMZN,0.4215
2021-07-08 00:00:00,2021-07-08 05:00:00,$AMZN,0.4215
2021-07-08 00:00:00,2021-07-08 05:00:00,$AMZN,0.36119999999999997
2021-07-08 00:00:00,2021-07-08 05:00:00,$AAPL,0.5
2021-07-08 00:00:00,2021-07-08 05:00:00,$AAPL,0.41370000000000007
2021-07-07 00:00:00,2021-07-07 23:00:00,$AAPL,0.8668
2021-07-07 00:00:00,2021-07-07 23:00:00,$AAPL,0.8454999999999999
2021-07-07 00:00:00,2021-07-07 22:00:00,$AAPL,0.9141000000000001
2021-07-07 00:00:00,2021-07-07 18:00:00,$AAPL,-0.5423
2021-07-07 00:00:00,2021-07-07 18:00:00,$AAPL,0.5
2021-07-07 00:00:00,2021-07-07 09:00:00,$AMZN,-0.296
2021-07-07 00:00:00,2021-07-07 07:00:00,$AAPL,0.5
2021-07-06 00:00:00,2021-07-06 14:00:00,$AMZN,-0.025800000000000003
2021-07-06 00:00:00,2021-07-06 09:00:00,$AMZN,-0.3164
2021-07-06 00:00:00,2021-07-06 07:00:00,$AMZN,-0.128
2021-07-06 00:00:00,2021-07-06 07:00:00,$AMZN,-0.128
2021-07-06 00:00:00,2021-07-06 07:00:00,$AMZN,-0.128
2021-07-06 00:00:00,2021-07-06 04:00:00,$AAPL,0.5
2021-07-05 00:00:00,2021-07-05 16:00:00,$AMZN,0.2263
2021-07-02 00:00:00,2021-07-02 07:00:00,$AAPL,0.5
2021-07-01 00:00:00,2021-07-01 16:00:00,$FB,0.5
2021-07-01 00:00:00,2021-07-01 15:00:00,$AAPL,0.5
2021-06-30 00:00:00,2021-06-30 07:00:00,$AAPL,0.10069999999999998
2021-06-29 00:00:00,2021-06-29 23:00:00,$AMZN,0.4019
2021-06-29 00:00:00,2021-06-29 10:00:00,$NFLX,0.296
2021-06-27 00:00:00,2021-06-27 08:00:00,$AMZN,0.81
2021-06-27 00:00:00,2021-06-27 08:00:00,$AMZN,0.9052
2021-06-25 00:00:00,2021-06-25 20:00:00,$AAPL,0.5
2021-06-25 00:00:00,2021-06-25 07:00:00,$FB,0.5
2021-06-25 00:00:00,2021-06-25 07:00:00,$AAPL,0.5
2021-06-24 00:00:00,2021-06-24 22:00:00,$AMZN,0.7351000000000001
2021-06-23 00:00:00,2021-06-23 14:00:00,$AMZN,0.3612
2021-06-23 00:00:00,2021-06-23 13:00:00,$AMZN,0.5
2021-06-23 00:00:00,2021-06-23 05:00:00,$AAPL,0.5994
2021-06-22 00:00:00,2021-06-22 19:00:00,$AMZN,0.7959
2021-06-21 00:00:00,2021-06-21 13:00:00,$AMZN,0.5
2021-06-20 00:00:00,2021-06-20 17:00:00,$AAPL,0.5
2021-06-19 00:00:00,2021-06-19 13:00:00,$AAPL,0.4466
2021-06-17 00:00:00,2021-06-17 11:00:00,$AMZN,0.5
2021-06-17 00:00:00,2021-06-17 08:00:00,$AMZN,-0.8357000000000001
2021-06-14 00:00:00,2021-06-14 14:00:00,$AAPL,0.5
2021-06-14 00:00:00,2021-06-14 11:00:00,$AAPL,0.7303296000000001
2021-06-13 00:00:00,2021-06-13 10:00:00,$AMZN,-0.5719
2021-06-12 00:00:00,2021-06-12 17:00:00,$AMZN,0.5
2021-06-11 00:00:00,2021-06-11 08:00:00,$AAPL,0.5
2021-06-10 00:00:00,2021-06-10 09:00:00,$FB,0.34
2021-06-09 00:00:00,2021-06-09 07:00:00,$AAPL,0.5
2021-06-09 00:00:00,2021-06-09 06:00:00,$AMZN,0.5
2021-06-09 00:00:00,2021-06-09 04:00:00,$AAPL,-0.5792
2021-06-08 00:00:00,2021-06-08 02:00:00,$AAPL,0.3612
2021-06-07 00:00:00,2021-06-07 15:00:00,$FB,0.34
2021-06-07 00:00:00,2021-06-07 14:00:00,$AMZN,0.5
2021-06-07 00:00:00,2021-06-07 10:00:00,$AMZN,0.5
2021-06-06 00:00:00,2021-06-06 18:00:00,$AAPL,0.4404
2021-06-06 00:00:00,2021-06-06 10:00:00,$AMZN,0.347
2021-06-05 00:00:00,2021-06-05 04:00:00,$NFLX,0.5
2021-06-04 00:00:00,2021-06-04 08:00:00,$AAPL,-0.4019
2021-06-03 00:00:00,2021-06-03 07:00:00,$AAPL,0.5
2021-06-03 00:00:00,2021-06-03 06:00:00,$AAPL,0.4019
2021-06-02 00:00:00,2021-06-02 18:00:00,$AMZN,0.5
2021-06-02 00:00:00,2021-06-02 06:00:00,$AAPL,0.5
2021-06-01 00:00:00,2021-06-01 15:00:00,$FB,0.5
2021-06-01 00:00:00,2021-06-01 14:00:00,$FB,0.5
2021-05-30 00:00:00,2021-05-30 15:00:00,$FB,0.38180000000000003
2021-05-28 00:00:00,2021-05-28 09:00:00,$AAPL,0.5
2021-05-25 00:00:00,2021-05-25 16:00:00,$AMZN,0.3182
2021-05-21 00:00:00,2021-05-21 08:00:00,$FB,0.5
2021-05-21 00:00:00,2021-05-21 08:00:00,$FB,-0.5719
2021-05-21 00:00:00,2021-05-21 06:00:00,$NFLX,0.5
2021-05-21 00:00:00,2021-05-21 06:00:00,$FB,0.5
2021-05-11 00:00:00,2021-05-11 19:00:00,$AAPL,0.5
2021-05-11 00:00:00,2021-05-11 19:00:00,$AMZN,0.5
2021-05-07 00:00:00,2021-05-07 20:00:00,$AAPL,0.5
2021-05-07 00:00:00,2021-05-07 20:00:00,$AAPL,-0.2732
2021-05-07 00:00:00,2021-05-07 20:00:00,$AAPL,-0.2732
2021-05-07 00:00:00,2021-05-07 19:00:00,$AAPL,-0.2732
2021-05-07 00:00:00,2021-05-07 07:00:00,$NFLX,0.5
2021-05-02 00:00:00,2021-05-02 09:00:00,$AMZN,0.5
2021-04-30 00:00:00,2021-04-30 08:00:00,$AAPL,0.5
2021-04-29 00:00:00,2021-04-29 19:00:00,$AAPL,0.5
2021-04-29 00:00:00,2021-04-29 16:00:00,$FB,0.5
2021-04-29 00:00:00,2021-04-29 16:00:00,$FB,0.5
2021-04-29 00:00:00,2021-04-29 06:00:00,$AAPL,0.5
2021-04-29 00:00:00,2021-04-29 04:00:00,$FB,0.5
2021-04-28 00:00:00,2021-04-28 15:00:00,$FB,0.6506
2021-04-27 00:00:00,2021-04-27 14:00:00,$FB,0.5
2021-04-27 00:00:00,2021-04-27 14:00:00,$AMZN,0.5
2021-04-27 00:00:00,2021-04-27 14:00:00,$AAPL,0.5
2021-04-27 00:00:00,2021-04-27 10:00:00,$FB,0.5
2021-04-27 00:00:00,2021-04-27 10:00:00,$AMZN,0.5
2021-04-27 00:00:00,2021-04-27 10:00:00,$AAPL,0.5
2021-04-26 00:00:00,2021-04-26 19:00:00,$AMZN,0.5
2021-04-26 00:00:00,2021-04-26 09:00:00,$FB,0.25
2021-04-26 00:00:00,2021-04-26 09:00:00,$AMZN,0.25
2021-04-24 00:00:00,2021-04-24 13:00:00,$AAPL,0.8433558000000001
2021-04-24 00:00:00,2021-04-24 13:00:00,$AAPL,0.8433558000000001
2021-04-18 00:00:00,2021-04-18 22:00:00,$AAPL,0.5
2021-04-17 00:00:00,2021-04-17 17:00:00,$AAPL,0.4019
2021-04-15 00:00:00,2021-04-15 15:00:00,$GOOG,0.5
2021-04-06 00:00:00,2021-04-06 14:00:00,$GOOG,0.5
2021-04-06 00:00:00,2021-04-06 12:00:00,$AAPL,-0.4809
2021-04-05 00:00:00,2021-04-05 09:00:00,$FB,0.5
2021-04-03 00:00:00,2021-04-03 08:00:00,$AAPL,0.5
2021-04-03 00:00:00,2021-04-03 07:00:00,$NFLX,0.5
2021-04-01 00:00:00,2021-04-01 08:00:00,$AAPL,0.8316
2021-04-01 00:00:00,2021-04-01 08:00:00,$AAPL,0.8316
2021-04-01 00:00:00,2021-04-01 08:00:00,$AAPL,0.8316
2021-04-01 00:00:00,2021-04-01 08:00:00,$AAPL,0.6597
2021-03-29 00:00:00,2021-03-29 08:00:00,$NFLX,0.5
2021-03-28 00:00:00,2021-03-28 00:00:00,$AAPL,0.5
2021-03-27 00:00:00,2021-03-27 14:00:00,$AAPL,0.2144
2021-03-16 00:00:00,2021-03-16 18:00:00,$AMZN,0.5
2021-03-12 00:00:00,2021-03-12 10:00:00,$AAPL,0.5
2021-03-11 00:00:00,2021-03-11 07:00:00,$AAPL,0.4215
2021-03-09 00:00:00,2021-03-09 18:00:00,$AAPL,0.5
2021-03-09 00:00:00,2021-03-09 11:00:00,$AAPL,-0.0772
2021-03-04 00:00:00,2021-03-04 04:00:00,$AMZN,0.5
2021-03-03 00:00:00,2021-03-03 21:00:00,$AMZN,0.5
2021-03-03 00:00:00,2021-03-03 18:00:00,$AMZN,0.5
2021-03-03 00:00:00,2021-03-03 11:00:00,$AAPL,0.5
2021-03-02 00:00:00,2021-03-02 22:00:00,$AAPL,0.4404
2021-03-02 00:00:00,2021-03-02 11:00:00,$FB,0.5
2021-02-26 00:00:00,2021-02-26 06:00:00,$AAPL,0.5
2021-02-25 00:00:00,2021-02-25 13:00:00,$AAPL,0.7351000000000001
2021-02-25 00:00:00,2021-02-25 11:00:00,$AAPL,0.33820000000000006
2021-02-25 00:00:00,2021-02-25 11:00:00,$AMZN,0.6679
2021-02-24 00:00:00,2021-02-24 16:00:00,$NFLX,-0.1027
2021-02-24 00:00:00,2021-02-24 16:00:00,$AAPL,0.5
2021-02-23 00:00:00,2021-02-23 14:00:00,$AAPL,0.5
2021-02-23 00:00:00,2021-02-23 06:00:00,$AAPL,-0.4404
2021-02-22 00:00:00,2021-02-22 20:00:00,$AMZN,0.2729268
2021-02-22 00:00:00,2021-02-22 20:00:00,$AMZN,0.7003
2021-02-22 00:00:00,2021-02-22 19:00:00,$AAPL,0.5
2021-02-19 00:00:00,2021-02-19 04:00:00,$AAPL,0.5
2021-02-18 00:00:00,2021-02-18 22:00:00,$AMZN,0.5
2021-02-18 00:00:00,2021-02-18 06:00:00,$AAPL,0.5
2021-02-18 00:00:00,2021-02-18 06:00:00,$AMZN,0.5
2021-02-18 00:00:00,2021-02-18 06:00:00,$AAPL,0.6123999999999999
2021-02-16 00:00:00,2021-02-16 02:00:00,$GOOG,0.2263
2021-02-15 00:00:00,2021-02-15 20:00:00,$AAPL,0.5
2021-02-14 00:00:00,2021-02-14 22:00:00,$AAPL,0.5
2021-02-13 00:00:00,2021-02-13 18:00:00,$AAPL,-0.5423
2021-02-13 00:00:00,2021-02-13 14:00:00,$FB,0.7845
2021-02-13 00:00:00,2021-02-13 11:00:00,$AAPL,0.5
2021-02-12 00:00:00,2021-02-12 18:00:00,$FB,0.4215
2021-02-11 00:00:00,2021-02-11 07:00:00,$AMZN,0.5
2021-02-10 00:00:00,2021-02-10 11:00:00,$NFLX,0.5
2021-02-08 00:00:00,2021-02-08 21:00:00,$AMZN,0.5
2021-02-08 00:00:00,2021-02-08 21:00:00,$AMZN,0.6369
2021-02-07 00:00:00,2021-02-07 15:00:00,$FB,0.5
2021-02-07 00:00:00,2021-02-07 15:00:00,$FB,0.5
2021-02-07 00:00:00,2021-02-07 15:00:00,$FB,0.5
2021-01-31 00:00:00,2021-01-31 01:00:00,$AAPL,0.5
2021-01-28 00:00:00,2021-01-28 16:00:00,$AMZN,0.5
2021-01-26 00:00:00,2021-01-26 02:00:00,$AAPL,0.4404
2021-01-26 00:00:00,2021-01-26 01:00:00,$AAPL,0.34
2021-01-25 00:00:00,2021-01-25 20:00:00,$AAPL,0.4404
2021-01-25 00:00:00,2021-01-25 18:00:00,$AAPL,0.5
2021-01-25 00:00:00,2021-01-25 18:00:00,$AAPL,0.5
2021-01-25 00:00:00,2021-01-25 14:00:00,$AAPL,0.5
2021-01-24 00:00:00,2021-01-24 19:00:00,$AMZN,0.5
2021-01-24 00:00:00,2021-01-24 11:00:00,$AAPL,-0.5423
2021-01-23 00:00:00,2021-01-23 17:00:00,$AAPL,0.36119999999999997
2021-01-23 00:00:00,2021-01-23 07:00:00,$AAPL,0.5
2021-01-23 00:00:00,2021-01-23 07:00:00,$AAPL,0.5
2021-01-23 00:00:00,2021-01-23 03:00:00,$AAPL,-0.5423
2021-01-23 00:00:00,2021-01-23 03:00:00,$AAPL,-0.5423
2021-01-22 00:00:00,2021-01-22 22:00:00,$AAPL,0.39390000000000003
2021-01-22 00:00:00,2021-01-22 19:00:00,$AMZN,0.3612000000000001
2021-01-22 00:00:00,2021-01-22 14:00:00,$AAPL,0.5
2021-01-22 00:00:00,2021-01-22 13:00:00,$AAPL,0.3612000000000001
2021-01-22 00:00:00,2021-01-22 00:00:00,$AMZN,0.5
2021-01-21 00:00:00,2021-01-21 12:00:00,$AMZN,0.5
2021-01-21 00:00:00,2021-01-21 12:00:00,$AMZN,-0.6915
2021-01-21 00:00:00,2021-01-21 10:00:00,$NFLX,0.5
2021-01-21 00:00:00,2021-01-21 07:00:00,$AMZN,0.5
2021-01-21 00:00:00,2021-01-21 02:00:00,$AMZN,0.5376
2021-01-20 00:00:00,2021-01-20 13:00:00,$NFLX,0.5
2021-01-20 00:00:00,2021-01-20 12:00:00,$AMZN,0.3400000000000001
2021-01-20 00:00:00,2021-01-20 12:00:00,$AMZN,0.0258
2021-01-20 00:00:00,2021-01-20 10:00:00,$FB,-0.6130124
2021-01-20 00:00:00,2021-01-20 08:00:00,$FB,0.5
2021-01-20 00:00:00,2021-01-20 07:00:00,$AMZN,0.7783
2021-01-20 00:00:00,2021-01-20 06:00:00,$FB,0.5
2021-01-20 00:00:00,2021-01-20 06:00:00,$AMZN,0.5
2021-01-20 00:00:00,2021-01-20 05:00:00,$AAPL,0.5
2021-01-19 00:00:00,2021-01-19 20:00:00,$AMZN,0.5
2021-01-19 00:00:00,2021-01-19 16:00:00,$AAPL,0.34
2021-01-19 00:00:00,2021-01-19 14:00:00,$FB,0.5
2021-01-19 00:00:00,2021-01-19 09:00:00,$FB,0.6808
2021-01-19 00:00:00,2021-01-19 09:00:00,$FB,0.10269999999999999
2021-01-19 00:00:00,2021-01-19 09:00:00,$FB,0.44039999999999996
2021-01-18 00:00:00,2021-01-18 06:00:00,$AAPL,0.5
2021-01-16 00:00:00,2021-01-16 14:00:00,$AAPL,0.5
2021-01-15 00:00:00,2021-01-15 07:00:00,$FB,0.10269999999999999
2021-01-15 00:00:00,2021-01-15 07:00:00,$FB,0.6946
2021-01-15 00:00:00,2021-01-15 07:00:00,$FB,0.6946
2021-01-15 00:00:00,2021-01-15 02:00:00,$FB,0.4404
2021-01-14 00:00:00,2021-01-14 11:00:00,$AMZN,0.5
2021-01-14 00:00:00,2021-01-14 08:00:00,$AMZN,-0.6597
2021-01-13 00:00:00,2021-01-13 13:00:00,$AAPL,0.802
2021-01-13 00:00:00,2021-01-13 13:00:00,$AAPL,0.802
2021-01-12 00:00:00,2021-01-12 10:00:00,$FB,0.3612000000000001
2021-01-11 00:00:00,2021-01-11 21:00:00,$AMZN,0.3802
2021-01-11 00:00:00,2021-01-11 13:00:00,$AAPL,0.5
2021-01-10 00:00:00,2021-01-10 08:00:00,$AMZN,0.5
2021-01-09 00:00:00,2021-01-09 17:00:00,$AAPL,-0.6597
2021-01-09 00:00:00,2021-01-09 16:00:00,$AMZN,0.9169
2021-01-09 00:00:00,2021-01-09 16:00:00,$AMZN,0.9169
2021-01-08 00:00:00,2021-01-08 16:00:00,$FB,-0.4588
2021-01-08 00:00:00,2021-01-08 04:00:00,$AAPL,0.5
2021-01-07 00:00:00,2021-01-07 20:00:00,$AAPL,0.5423
2021-01-07 00:00:00,2021-01-07 13:00:00,$AAPL,0.5
2021-01-06 00:00:00,2021-01-06 08:00:00,$AAPL,0.5
2021-01-04 00:00:00,2021-01-04 22:00:00,$GOOG,0.5
2021-01-04 00:00:00,2021-01-04 14:00:00,$AAPL,0.5
2021-01-02 00:00:00,2021-01-02 16:00:00,$AAPL,0.4404
2021-01-01 00:00:00,2021-01-01 11:00:00,$AMZN,0.22629999999999997
2021-01-01 00:00:00,2021-01-01 11:00:00,$AAPL,0.22629999999999997
2021-12-06 00:00:00,2021-12-06 15:00:00,$FB,0.5
2021-08-25 00:00:00,2021-08-25 07:00:00,$AMZN,0.44039999999999996
2021-05-25 00:00:00,2021-05-25 21:00:00,$AAPL,0.5
2021-05-07 00:00:00,2021-05-07 09:00:00,$NFLX,0.5
2021-04-09 00:00:00,2021-04-09 10:00:00,$NFLX,0.34
2022-04-30 00:00:00,2022-04-30 01:00:00,$FB,0.5
2022-04-27 00:00:00,2022-04-27 11:00:00,$FB,0.5
2022-04-26 00:00:00,2022-04-26 14:00:00,$AAPL,-0.3527
2022-04-26 00:00:00,2022-04-26 13:00:00,$GOOG,0.5
2022-04-24 00:00:00,2022-04-24 09:00:00,$AMZN,0.2714
2022-04-19 00:00:00,2022-04-19 13:00:00,$NFLX,-0.3181999999999999
2022-03-31 00:00:00,2022-03-31 04:00:00,$NFLX,0.5
2022-03-27 00:00:00,2022-03-27 06:00:00,$GOOG,0.5
2022-02-08 00:00:00,2022-02-08 18:00:00,$FB,0.2263
2022-02-05 00:00:00,2022-02-05 04:00:00,$FB,0.5
2022-02-03 00:00:00,2022-02-03 09:00:00,$FB,-0.25
2022-02-02 00:00:00,2022-02-02 15:00:00,$AMZN,0.5
2022-01-28 00:00:00,2022-01-28 05:00:00,$FB,-0.2732
2022-01-25 00:00:00,2022-01-25 09:00:00,$AMZN,0.17790000000000003
2022-01-25 00:00:00,2022-01-25 09:00:00,$AMZN,0.17790000000000003
2022-01-21 00:00:00,2022-01-21 13:00:00,$AMZN,0.5
2022-01-20 00:00:00,2022-01-20 21:00:00,$NFLX,0.5
2022-01-20 00:00:00,2022-01-20 17:00:00,$AMZN,0.5
2022-01-02 00:00:00,2022-01-02 10:00:00,$AMZN,0.5
2021-12-23 00:00:00,2021-12-23 06:00:00,$AMZN,0.5
2021-12-17 00:00:00,2021-12-17 18:00:00,$AMZN,0.5
2021-11-26 00:00:00,2021-11-26 10:00:00,$NFLX,0.3181999999999999
2021-11-25 00:00:00,2021-11-25 05:00:00,$AAPL,0.7213
2021-11-24 00:00:00,2021-11-24 17:00:00,$AAPL,0.0516
2021-11-23 00:00:00,2021-11-23 03:00:00,$AAPL,0.7213
2021-11-12 00:00:00,2021-11-12 01:00:00,$AAPL,0.5
2021-11-02 00:00:00,2021-11-02 10:00:00,$AMZN,0.3612
2021-11-01 00:00:00,2021-11-01 05:00:00,$FB,0.5
2021-10-31 00:00:00,2021-10-31 10:00:00,$AAPL,0.5
2021-10-27 00:00:00,2021-10-27 08:00:00,$AAPL,-0.2732
2021-10-25 00:00:00,2021-10-25 09:00:00,$FB,0.5
2021-10-21 00:00:00,2021-10-21 09:00:00,$FB,0.44039999999999996
2021-10-19 00:00:00,2021-10-19 20:00:00,$NFLX,0.5
2021-10-09 00:00:00,2021-10-09 16:00:00,$AMZN,0.5
2021-10-09 00:00:00,2021-10-09 06:00:00,$FB,0.7429999999999999
2021-10-03 00:00:00,2021-10-03 17:00:00,$FB,-0.1531
2021-10-01 00:00:00,2021-10-01 10:00:00,$AMZN,0.5
2021-10-01 00:00:00,2021-10-01 10:00:00,$AMZN,0.7096
2021-09-10 00:00:00,2021-09-10 22:00:00,$AAPL,0.4404
2021-09-05 00:00:00,2021-09-05 09:00:00,$AMZN,0.5
2021-08-31 00:00:00,2021-08-31 17:00:00,$AAPL,0.5
2021-08-28 00:00:00,2021-08-28 08:00:00,$AAPL,0.5766
2021-08-25 00:00:00,2021-08-25 06:00:00,$AMZN,0.5
2021-08-24 00:00:00,2021-08-24 16:00:00,$AMZN,0.4278
2021-08-20 00:00:00,2021-08-20 01:00:00,$AMZN,0.5
2021-08-10 00:00:00,2021-08-10 15:00:00,$GOOG,0.4404
2021-08-10 00:00:00,2021-08-10 15:00:00,$GOOG,0.4404
2021-08-05 00:00:00,2021-08-05 08:00:00,$AAPL,0.5
2021-08-05 00:00:00,2021-08-05 08:00:00,$AMZN,0.5
2021-08-05 00:00:00,2021-08-05 08:00:00,$GOOG,0.5
2021-07-29 00:00:00,2021-07-29 10:00:00,$FB,0.5
2021-07-22 00:00:00,2021-07-22 07:00:00,$NFLX,0.5005000000000001
2021-07-22 00:00:00,2021-07-22 07:00:00,$NFLX,0.5005000000000001
2021-07-19 00:00:00,2021-07-19 09:00:00,$AAPL,0.5
2021-07-06 00:00:00,2021-07-06 15:00:00,$AMZN,0.025799999999999997
2021-07-06 00:00:00,2021-07-06 09:00:00,$AMZN,-0.25
2021-07-01 00:00:00,2021-07-01 07:00:00,$AMZN,0.4404
2021-06-20 00:00:00,2021-06-20 18:00:00,$AAPL,0.5
2021-06-17 00:00:00,2021-06-17 23:00:00,$AAPL,0.5
2021-06-17 00:00:00,2021-06-17 08:00:00,$AMZN,-0.2023
2021-06-15 00:00:00,2021-06-15 08:00:00,$AAPL,0.20229999999999998
2021-06-10 00:00:00,2021-06-10 16:00:00,$FB,0.5
2021-05-24 00:00:00,2021-05-24 10:00:00,$AAPL,0.5
2021-05-18 00:00:00,2021-05-18 11:00:00,$AAPL,0.5
2021-04-28 00:00:00,2021-04-28 13:00:00,$AAPL,-0.44039999999999996
2021-04-28 00:00:00,2021-04-28 13:00:00,$AAPL,-0.44039999999999996
2021-04-28 00:00:00,2021-04-28 13:00:00,$AAPL,-0.5894
2021-04-26 00:00:00,2021-04-26 11:00:00,$AMZN,0.1779
2021-04-22 00:00:00,2021-04-22 18:00:00,$AAPL,0.5
2021-04-21 00:00:00,2021-04-21 18:00:00,$FB,0.296
2021-04-15 00:00:00,2021-04-15 09:00:00,$AMZN,0.5
2021-04-05 00:00:00,2021-04-05 18:00:00,$AMZN,0.5
2021-03-31 00:00:00,2021-03-31 04:00:00,$NFLX,0.5
2021-03-12 00:00:00,2021-03-12 09:00:00,$AAPL,0.6369
2021-03-11 00:00:00,2021-03-11 07:00:00,$AAPL,0.4215
2021-03-11 00:00:00,2021-03-11 07:00:00,$AAPL,0.5
2021-03-11 00:00:00,2021-03-11 05:00:00,$AAPL,-0.5267
2021-03-11 00:00:00,2021-03-11 02:00:00,$AAPL,0.5
2021-03-09 00:00:00,2021-03-09 08:00:00,$AAPL,0.5
2021-03-09 00:00:00,2021-03-09 08:00:00,$AAPL,0.5
2021-03-08 00:00:00,2021-03-08 16:00:00,$AAPL,0.5
2021-03-08 00:00:00,2021-03-08 11:00:00,$AAPL,0.5
2021-02-24 00:00:00,2021-02-24 16:00:00,$AAPL,0.5
2021-02-19 00:00:00,2021-02-19 22:00:00,$AAPL,0.7096
2021-02-19 00:00:00,2021-02-19 12:00:00,$AMZN,0.5
2021-02-16 00:00:00,2021-02-16 02:00:00,$AAPL,-0.1027
2021-02-15 00:00:00,2021-02-15 14:00:00,$AAPL,0.3182
2021-01-29 00:00:00,2021-01-29 10:00:00,$AAPL,0.6833
2021-01-28 00:00:00,2021-01-28 13:00:00,$FB,0.5
2021-01-25 00:00:00,2021-01-25 07:00:00,$AMZN,0.4404
2021-01-25 00:00:00,2021-01-25 07:00:00,$AAPL,0.4404
2021-01-20 00:00:00,2021-01-20 23:00:00,$AAPL,0.296
2021-01-20 00:00:00,2021-01-20 12:00:00,$FB,0.5
2021-01-20 00:00:00,2021-01-20 12:00:00,$FB,0.5
2021-01-19 00:00:00,2021-01-19 21:00:00,$NFLX,-0.7488
2021-01-12 00:00:00,2021-01-12 20:00:00,$AAPL,0.5
2022-04-30 00:00:00,2022-04-30 12:00:00,$FB,0.5
2022-02-18 00:00:00,2022-02-18 13:00:00,$GOOG,0.34
2022-02-18 00:00:00,2022-02-18 12:00:00,$GOOG,0.34
2022-02-09 00:00:00,2022-02-09 11:00:00,$GOOG,0.5
2022-02-05 00:00:00,2022-02-05 13:00:00,$FB,0.5
2021-12-12 00:00:00,2021-12-12 18:00:00,$AAPL,-0.5267
2021-08-28 00:00:00,2021-08-28 08:00:00,$AAPL,0.5766
2021-08-08 00:00:00,2021-08-08 21:00:00,$FB,0.2023
2021-08-02 00:00:00,2021-08-02 11:00:00,$FB,0.5
2021-07-16 00:00:00,2021-07-16 09:00:00,$GOOG,0.5859
2021-06-17 00:00:00,2021-06-17 23:00:00,$AAPL,0.5
2021-05-05 00:00:00,2021-05-05 16:00:00,$NFLX,0.5
2021-04-19 00:00:00,2021-04-19 04:00:00,$AMZN,0.7906
2021-04-15 00:00:00,2021-04-15 09:00:00,$AMZN,0.5
2021-03-12 00:00:00,2021-03-12 09:00:00,$AAPL,0.6369
2021-03-11 00:00:00,2021-03-11 07:00:00,$AAPL,0.4215
2021-03-09 00:00:00,2021-03-09 08:00:00,$AAPL,0.5
2021-03-09 00:00:00,2021-03-09 08:00:00,$AAPL,0.5
2021-02-25 00:00:00,2021-02-25 13:00:00,$FB,-0.296
2021-02-24 00:00:00,2021-02-24 16:00:00,$AAPL,0.5
2021-02-22 00:00:00,2021-02-22 06:00:00,$AAPL,0.5
2021-02-08 00:00:00,2021-02-08 07:00:00,$AAPL,0.5719
2021-01-28 00:00:00,2021-01-28 05:00:00,$FB,0.5
2021-01-26 00:00:00,2021-01-26 02:00:00,$AAPL,0.34
2021-01-14 00:00:00,2021-01-14 09:00:00,$FB,0.34
2021-01-14 00:00:00,2021-01-14 07:00:00,$FB,0.128
2021-01-07 00:00:00,2021-01-07 11:00:00,$FB,0.5
2021-01-04 00:00:00,2021-01-04 07:00:00,$AMZN,0.5
2022-05-07 00:00:00,2022-05-07 12:00:00,$AMZN,-0.04875120000000001
2022-05-06 00:00:00,2022-05-06 20:00:00,$NFLX,0.5
2022-04-29 00:00:00,2022-04-29 12:00:00,$FB,0.38180000000000003
2022-04-29 00:00:00,2022-04-29 12:00:00,$AMZN,0.3612
2022-04-29 00:00:00,2022-04-29 12:00:00,$AAPL,0.3612
2022-04-28 00:00:00,2022-04-28 16:00:00,$FB,-0.25
2022-04-28 00:00:00,2022-04-28 13:00:00,$AMZN,0.5
2022-04-26 00:00:00,2022-04-26 16:00:00,$AAPL,0.5
2022-04-26 00:00:00,2022-04-26 13:00:00,$NFLX,0.5707
2022-04-26 00:00:00,2022-04-26 13:00:00,$GOOG,0.5707
2022-04-26 00:00:00,2022-04-26 13:00:00,$AMZN,0.5707
2022-04-19 00:00:00,2022-04-19 07:00:00,$NFLX,-0.25
2022-03-01 00:00:00,2022-03-01 11:00:00,$AAPL,0.5
2022-03-01 00:00:00,2022-03-01 11:00:00,$AAPL,0.5
2022-02-24 00:00:00,2022-02-24 09:00:00,$FB,0.0387
2022-02-16 00:00:00,2022-02-16 14:00:00,$AMZN,0.0516
2022-02-11 00:00:00,2022-02-11 10:00:00,$FB,0.5
2022-02-08 00:00:00,2022-02-08 02:00:00,$AMZN,0.4767
2022-02-05 00:00:00,2022-02-05 13:00:00,$FB,0.5
2022-02-03 00:00:00,2022-02-03 07:00:00,$NFLX,0.49389999999999995
2022-02-03 00:00:00,2022-02-03 06:00:00,$FB,0.5
2022-02-02 00:00:00,2022-02-02 14:00:00,$FB,-0.6996
2022-01-28 00:00:00,2022-01-28 05:00:00,$FB,0.5
2022-01-20 00:00:00,2022-01-20 17:00:00,$NFLX,-0.6486
2022-01-11 00:00:00,2022-01-11 06:00:00,$AAPL,0.5
2021-11-25 00:00:00,2021-11-25 18:00:00,$GOOG,0.5
2021-11-25 00:00:00,2021-11-25 18:00:00,$AMZN,0.5
2021-11-08 00:00:00,2021-11-08 15:00:00,$FB,0.5106
2021-10-28 00:00:00,2021-10-28 15:00:00,$FB,-0.4939
2021-10-25 00:00:00,2021-10-25 17:00:00,$FB,0.5
2021-10-25 00:00:00,2021-10-25 12:00:00,$FB,0.5
2021-10-22 00:00:00,2021-10-22 15:00:00,$FB,0.5
2021-10-12 00:00:00,2021-10-12 08:00:00,$FB,0.5
2021-10-12 00:00:00,2021-10-12 07:00:00,$FB,-0.1531
2021-10-12 00:00:00,2021-10-12 07:00:00,$FB,0.29599999999999993
2021-10-06 00:00:00,2021-10-06 13:00:00,$AMZN,0.6359999999999999
2021-10-05 00:00:00,2021-10-05 01:00:00,$FB,0.5
2021-10-04 00:00:00,2021-10-04 14:00:00,$FB,-0.1531
2021-10-02 00:00:00,2021-10-02 05:00:00,$GOOG,0.5859
2021-10-01 00:00:00,2021-10-01 08:00:00,$AAPL,0.5
2021-09-14 00:00:00,2021-09-14 07:00:00,$AAPL,0.5
2021-09-08 00:00:00,2021-09-08 08:00:00,$AMZN,0.5
2021-08-30 00:00:00,2021-08-30 10:00:00,$AAPL,-0.5574
2021-08-25 00:00:00,2021-08-25 07:00:00,$AMZN,0.5
2021-08-22 00:00:00,2021-08-22 09:00:00,$AAPL,0.5994
2021-08-22 00:00:00,2021-08-22 09:00:00,$AMZN,0.5994
2021-08-19 00:00:00,2021-08-19 12:00:00,$AMZN,0.4576
2021-08-13 00:00:00,2021-08-13 00:00:00,$AAPL,0.5
2021-08-12 00:00:00,2021-08-12 16:00:00,$AAPL,0.5
2021-08-10 00:00:00,2021-08-10 09:00:00,$NFLX,0.5
2021-08-10 00:00:00,2021-08-10 06:00:00,$AAPL,0.5
2021-08-01 00:00:00,2021-08-01 05:00:00,$FB,0.5
2021-07-30 00:00:00,2021-07-30 17:00:00,$AMZN,0.1779
2021-07-16 00:00:00,2021-07-16 09:00:00,$GOOG,0.5859
2021-07-16 00:00:00,2021-07-16 09:00:00,$GOOG,0.5859
2021-07-02 00:00:00,2021-07-02 07:00:00,$AAPL,0.5
2021-06-25 00:00:00,2021-06-25 11:00:00,$AMZN,0.5106
2021-06-23 00:00:00,2021-06-23 14:00:00,$AMZN,0.3612000000000001
2021-06-20 00:00:00,2021-06-20 18:00:00,$AAPL,0.5
2021-04-27 00:00:00,2021-04-27 19:00:00,$AMZN,0.5
2021-04-27 00:00:00,2021-04-27 19:00:00,$AAPL,0.5
2021-04-24 00:00:00,2021-04-24 13:00:00,$AAPL,0.8433558000000001
2021-04-21 00:00:00,2021-04-21 23:00:00,$FB,-0.2023
2021-04-20 00:00:00,2021-04-20 10:00:00,$AAPL,-0.7390999999999999
2021-04-19 00:00:00,2021-04-19 10:00:00,$AAPL,0.5574
2021-04-15 00:00:00,2021-04-15 11:00:00,$AAPL,0.44039999999999996
2021-04-05 00:00:00,2021-04-05 18:00:00,$AMZN,0.5
2021-03-29 00:00:00,2021-03-29 18:00:00,$AAPL,0.5
2021-03-16 00:00:00,2021-03-16 10:00:00,$FB,0.5
2021-03-16 00:00:00,2021-03-16 07:00:00,$AAPL,0.5
2021-03-16 00:00:00,2021-03-16 07:00:00,$AAPL,0.1007
2021-03-12 00:00:00,2021-03-12 14:00:00,$NFLX,-0.5632000000000001
2021-03-12 00:00:00,2021-03-12 09:00:00,$AAPL,0.6369
2021-03-11 00:00:00,2021-03-11 11:00:00,$AAPL,0.128
2021-03-11 00:00:00,2021-03-11 07:00:00,$AAPL,0.4215
2021-03-10 00:00:00,2021-03-10 14:00:00,$AAPL,0.5
2021-03-09 00:00:00,2021-03-09 08:00:00,$AAPL,0.5
2021-03-09 00:00:00,2021-03-09 08:00:00,$AAPL,0.5
2021-03-09 00:00:00,2021-03-09 04:00:00,$NFLX,0.5
2021-03-08 00:00:00,2021-03-08 11:00:00,$AAPL,0.5
2021-03-04 00:00:00,2021-03-04 11:00:00,$AAPL,-0.9462
2021-02-26 00:00:00,2021-02-26 13:00:00,$AAPL,0.5
2021-02-13 00:00:00,2021-02-13 14:00:00,$AMZN,-0.296
2021-02-11 00:00:00,2021-02-11 06:00:00,$AAPL,0.5
2021-02-02 00:00:00,2021-02-02 15:00:00,$AMZN,0.5859
2021-02-01 00:00:00,2021-02-01 16:00:00,$AAPL,0.5
2021-01-28 00:00:00,2021-01-28 13:00:00,$FB,0.5
2021-01-12 00:00:00,2021-01-12 20:00:00,$AAPL,0.5
2021-01-05 00:00:00,2021-01-05 06:00:00,$NFLX,0.5
